gtin,oname,uname,obrand,ubrand,ok,uk,op,up,oc,uc,of_,uf,oprob,uprob,kdis,mdis
00042272005062,Cream of mushroom semi-condensed organic soups,"CREAM OF MUSHROOM SEMI-CONDENSED ORGANIC SOUPS, CREAM OF MUSHROOM",Amy's,Amy's Kitchen Inc.,81.0,75.0,1.62,1.0,7.03,5.5,4.86,5.5,,,false,true
00606991010624,Classic Ciabatta Roll,"CHABASO BAKERY, CLASSIC CIABATTA ARTISAN BREADS ROLLS",Chabaso Bakery,Atticus Bakery LLC.,293.113,281.0,8.443420625,10.53,58.9062125,61.4,1.30865625,0.88,,,false,true
00745042112013,Basmati Rice,"BASMATI RICE, BASMATI",Royal,"LT Foods Americas, Inc.",355.555555555556,333.0,8.88888888888889,6.67,80.0,77.78,0.0,0.0,,,false,true
00850015892677,Jalapeño Beef Sticks,"JALAPENO BEEF STICKS, JALAPENO",CHOMPS,Jlabs Beauty,312.5,281.0,31.25,28.12,0.0,0.0,21.875,18.75,,,true,true
00052159701277,Organic Kids Strawberry Lowfat Yogurt Pouch,"KIDS STRAWBERRY LOWFAT YOGURT POUCHES, STRAWBERRY ","Stonyfield Organic, Stonyfield",Stonyfield Farm Inc,101.0,91.0,5.05,5.05,16.16,13.13,2.02,2.02,,,false,true
00071673001113,White Bread,KING WHITE BREAD,Stroehmann,"Bimbo Bakeries USA, Inc.",270.83,271.0,8.33,8.33,50.0,50.0,2.08,3.12,,,false,true
00850011143612,Keto bread,"GOLDEN WHEAT KETO BREAD, GOLDEN WHEAT KETO",,Kiss My Keto LLC,50.0,214.0,21.428571428571,21.43,17.857142857143,17.86,14.285714285714,14.29,energyDisagrees,,true,false
00860479001539,Maple Waffle Protein Cereal,"MAPLE WAFFLE FLAVORED CEREAL, MAPLE; WAFFLE",Catalina Crunch,Catalina Snacks Inc.,305.555555555556,306.0,30.5555555555556,30.56,13.8888888888889,38.89,13.8888888888889,13.89,,,false,true
00053600000215,La Yogurt Probiotic Peach,"PROBIOTIC PEACH BLENDED LOWFAT YOGURT, PEACH",La Yogurt,"Johanna Foods, Inc.",82.3529411764706,82.0,2.94,3.53,17.06,15.29,0.88,0.59,,,false,true
00053600000987,"Passion fruit probiotic formula blended lowfat yogurt, passion fruit","PROBIOTIC RICH & CREAMY PASSION FRUIT BLENDED LOWFAT YOGURT, PASSION FRUIT",La Yogurt,"Johanna Foods, Inc.",106.0,94.0,4.12,4.12,20.0,17.65,0.88,0.88,,,true,true
00673316036584,Soft Pretzel Sausage Buns,SOFT PRETZEL SAUSAGE BUNS,Pretzilla,Miller Bakery,283.783783783784,270.0,8.10810810810811,6.76,47.2972972972973,50.0,5.40540540540541,5.41,,,false,true
00815369019842,Organic Farfalle,ORGANIC FARFALLE,Cadia,Cadia,200.0,357.0,7.0,12.5,40.0,71.43,1.0,1.79,,,true,true
00072250020169,Raisin Bread Cinnamon Swirl,CINNAMON SWIRL RAISIN BREAD,Sun-Maid,"Flowers Foods, Inc.",281.25,281.0,6.25,9.38,53.125,53.12,1.5625,4.69,,,false,true
00041335365471,Simply Vinaigrette Garlic & Basil,"GARLIC & BASIL DRESSING, GARLIC & BASIL",Ken's,"Ken's Foods, Inc.",1269.53125,375.0,0.0,0.0,9.765625,3.12,126.953125,40.62,macrosExceed100g,,true,true
